번호,개방서비스명,개방서비스아이디,개방자치단체코드,관리번호,인허가일자,인허가취소일자,영업상태구분코드,영업상태명,상세영업상태코드,상세영업상태명,폐업일자,휴업시작일자,휴업종료일자,재개업일자,소재지전화,소재지면적,소재지우편번호,소재지전체주소,도로명전체주소,도로명우편번호,사업장명,최종수정시점,데이터갱신구분,데이터갱신일자,업태구분명,좌표정보(x),좌표정보(y),의료기관종별명,의료인수,입원실수,병상수,총면적,진료과목내용,진료과목내용명,지정취소일자,완화의료지정형태,완화의료담당부서명,구급차특수,구급차일반,총인원,구조사수,허가병상수,최초지정일자
108,병원,01_01_01_P,3060000,PHMA219833060034021200004,19830822,,1,영업/정상,13,영업중,,,,,02-437-5011,,,서울특별시 중랑구 망우동 128-29 동부제일병원,"서울특별시 중랑구 망우로 511, 동부제일병원 지하1~6층 (망우동)",2063,의료법인풍산의료재단동부제일병원,2.02212E+13,U,40:00.0,종합병원,209579.6123,455387.9969,종합병원,96,24,104,6728.43,101 102 104 105 106 109 110 111 116 119 122,"내과, 신경과, 외과, 정형외과, 신경외과, 마취통증의학과, 산부인과, 소아청소년과, 영상의학과, 진단검사의학과, 가정의학과",,,,0,0,,,0,
111,병원,01_01_01_P,3060000,PHMA220033060034021200027,19000101,,1,영업/정상,13,영업중,,,,,02-490-2000,,,,서울특별시 중랑구 사가정로49길 53 (면목동),2221,녹색병원,2.02212E+13,U,40:00.0,종합병원,,,종합병원,224,66,282,17254.07,125 124 122 120 119 116 115 111 110 109 106 105 104 103 102 101,"내과, 신경과, 정신건강의학과, 외과, 정형외과, 신경외과, 마취통증의학과, 산부인과, 소아청소년과, 비뇨의학과, 영상의학과, 진단검사의학과, 재활의학과, 가정의학과, 직업환경의학과, 응급의학과",,,,0,0,,,0,
116,병원,01_01_01_P,3180000,PHMA219863180034021200001,19860820,,1,영업/정상,13,영업중,,,,,-9236,,,,"서울특별시 영등포구 63로 10, 여의도성모병원 (여의도동)",7345,가톨릭대학교 여의도성모병원,2.02212E+13,U,40:00.0,종합병원,,,종합병원,837,147,531,52783.72,101 102 103 104 105 106 107 108 109 110 111 112 113 114 115 116 117 118 119 120 122 123 125 402 407,"내과, 신경과, 정신건강의학과, 외과, 정형외과, 신경외과, 심장혈관흉부외과, 성형외과, 마취통증의학과, 산부인과, 소아청소년과, 안과, 이비인후과, 피부과, 비뇨의학과, 영상의학과, 방사선종양학과, 병리과, 진단검사의학과, 재활의학과, 가정의학과, 핵의학과, 응급의학과, 구강악안면외과, 치과보존과",,,,0,0,,,0,
117,병원,01_01_01_P,3180000,PHMA219923180034021200002,19840807,,1,영업/정상,13,영업중,,,,,02-1899-1475,,,,"서울특별시 영등포구 도림로 156, 명지성모병원 (대림동)",7417,명지성모병원,2.02212E+13,U,40:00.0,종합병원,,,종합병원,188,50,226,8726.14,101 102 104 105 106 109 110 116 119 120 122 125,"내과, 신경과, 외과, 정형외과, 신경외과, 마취통증의학과, 산부인과, 영상의학과, 진단검사의학과, 재활의학과, 가정의학과, 응급의학과",,,,0,0,,,0,
118,병원,01_01_01_P,3180000,PHMA219933180034021200002,19840302,,1,영업/정상,13,영업중,,,,,02-2678-0001,,,,"서울특별시 영등포구 영등포로36길 13 (영등포동4가, 충무병원)",7301,씨엠병원,2.02208E+13,U,40:00.0,종합병원,191458.8136,446295.8154,종합병원,86,38,110,7116.92,119 116 110 109 108 106 105 104 102 101,"내과, 신경과, 외과, 정형외과, 신경외과, 성형외과, 마취통증의학과, 산부인과, 영상의학과, 진단검사의학과",,,,0,0,,,0,
119,병원,01_01_01_P,3180000,PHMA220003180034021200007,19740924,,1,영업/정상,13,영업중,,,,,02-829-9000,,,서울특별시 영등포구 대림동 978번지 13호,"서울특별시 영등포구 시흥대로 657 (대림동, 대림성모병원)",7442,대림성모병원,2.02202E+13,U,40:00.0,종합병원,191713.4486,443157.3887,종합병원,172,55,162,11641.45,408 125 123 122 119 118 116 113 111 110 109 108 106 105 104 103 102 101,"내과, 신경과, 정신건강의학과, 외과, 정형외과, 신경외과, 성형외과, 마취통증의학과, 산부인과, 소아청소년과, 이비인후과, 영상의학과, 병리과, 진단검사의학과, 가정의학과, 핵의학과, 응급의학과, 구강내과",,,,0,0,,,0,
123,병원,01_01_01_P,3210000,PHMA219803210034021200001,19800502,,1,영업/정상,13,영업중,,,,,215881511,,,,서울특별시 서초구 반포대로 222 (반포동),6591,학교법인가톨릭학원가톨릭대학교서울성모병원,2.02212E+13,U,40:00.0,종합병원,,,종합병원,3255,457,1362,138964.23,101 102 103 104 105 106 107 108 109 110 111 112 113 114 115 116 117 118 119 120 122 123 124 125 402 403 404 406 407,"내과, 신경과, 정신건강의학과, 외과, 정형외과, 신경외과, 심장혈관흉부외과, 성형외과, 마취통증의학과, 산부인과, 소아청소년과, 안과, 이비인후과, 피부과, 비뇨의학과, 영상의학과, 방사선종양학과, 병리과, 진단검사의학과, 재활의학과, 가정의학과, 핵의학과, 직업환경의학과, 응급의학과, 구강악안면외과, 치과보철과, 치과교정과, 치주과, 치과보존과",,,,0,0,,,0,
128,병원,01_01_01_P,3180000,PHMA219933180034021200001,19820419,,1,영업/정상,13,영업중,,,,,02-2639-5114,,,,"서울특별시 영등포구 버드나루로7길 12 (영등포동7가, 한강성심병원)",7247,한림대학교 한강성심병원,2.02207E+13,U,40:00.0,종합병원,191948.6384,446775.417,종합병원,154,31,143,4322.22,101 102 103 104 105 106 107 108 109 110 111 112 113 114 115 116 118 119 120 122 124 125 402,"내과, 신경과, 정신건강의학과, 외과, 정형외과, 신경외과, 흉부외과, 성형외과, 마취통증의학과, 산부인과, 소아청소년과, 안과, 이비인후과, 피부과, 비뇨의학과, 영상의학과, 병리과, 진단검사의학과, 재활의학과, 가정의학과, 직업환경의학과, 응급의학과, 구강악안면외과",,,,0,0,,,0,
132,병원,01_01_01_P,3180000,PHMA219853180034021200001,19800111,,1,영업/정상,13,영업중,,,,,02-829-5114,,,,"서울특별시 영등포구 신길로 1 (대림동, 강남성심병원)",7441,한림대학교 강남성심병원,2.02212E+13,U,40:00.0,종합병원,,,종합병원,948,125,580,58385.6,101 102 103 104 105 106 107 108 109 110 111 112 113 114 115 116 117 118 119 120 122 125 402 403 404 407,"내과, 신경과, 정신건강의학과, 외과, 정형외과, 신경외과, 심장혈관흉부외과, 성형외과, 마취통증의학과, 산부인과, 소아청소년과, 안과, 이비인후과, 피부과, 비뇨의학과, 영상의학과, 방사선종양학과, 병리과, 진단검사의학과, 재활의학과, 가정의학과, 응급의학과, 구강악안면외과, 치과보철과, 치과교정과, 치과보존과",,,,0,0,,,0,
155,병원,01_01_01_P,3030000,PHMA219723030033021200001,19720424,,1,영업/정상,13,영업중,,,,,02-2290-8114,,,,서울특별시 성동구 왕십리로 222-1 (사근동),4763,한양대학교병원,2.02112E+13,U,40:00.0,종합병원,204117.9658,450608.5193,종합병원,1406,247,855,65485.82,101 102 103 104 105 106 107 108 109 110 111 112 113 114 115 116 117 118 119 120 121 122 123 124 125 402 403 404 406 407,"내과, 신경과, 정신건강의학과, 외과, 정형외과, 신경외과, 흉부외과, 성형외과, 마취통증의학과, 산부인과, 소아청소년과, 안과, 이비인후과, 피부과, 비뇨의학과, 영상의학과, 방사선종양학과, 병리과, 진단검사의학과, 재활의학과, 결핵과, 가정의학과, 핵의학과, 직업환경의학과, 응급의학과, 구강악안면외과, 치과보철과, 치과교정과, 치주과, 치과보존과",,,,0,0,,,0,
545,병원,01_01_01_P,3110000,PHMA120193110032021100001,19610515,,1,영업/정상,13,영업중,,,,,02-1811-7755,,,서울특별시 은평구 진관동 55번지,서울특별시 은평구 통일로 1021 (진관동),3312,가톨릭대학교 은평성모병원,2.02005E+13,U,40:00.0,종합병원,192525.5875,459028.5089,종합병원,487,205,740,176891.01,407 403 402 125 123 122 120 119 118 117 116 115 114 113 112 111 110 109 108 107 106 105 104 103 102 101,"내과, 신경과, 정신건강의학과, 외과, 정형외과, 신경외과, 흉부외과, 성형외과, 마취통증의학과, 산부인과, 소아청소년과, 안과, 이비인후과, 피부과, 비뇨의학과, 영상의학과, 방사선종양학과, 병리과, 진단검사의학과, 재활의학과, 가정의학과, 핵의학과, 응급의학과, 구강악안면외과, 치과보철과, 치과보존과",,,,0,0,,,0,
1955,병원,01_01_01_P,3000000,PHMA219773000034021200001,19770401,,1,영업/정상,13,영업중,,,,,02-2002-8000,,,,"서울특별시 종로구 새문안로 9, 적십자병원 (평동)",3181,서울적십자병원,2.02009E+13,U,40:00.0,종합병원,197013.4902,451678.7875,종합병원,223,62,292,17910,101 102 103 104 105 106 109 110 111 112 113 114 115 116 118 119 120 122 125 402 403 406 407 408,"내과, 신경과, 정신건강의학과, 외과, 정형외과, 신경외과, 마취통증의학과, 산부인과, 소아청소년과, 안과, 이비인후과, 피부과, 비뇨의학과, 영상의학과, 병리과, 진단검사의학과, 재활의학과, 가정의학과, 응급의학과, 구강악안면외과, 치과보철과, 치주과, 치과보존과, 구강내과",,,,0,0,,,0,
2832,병원,01_01_01_P,3220000,PHMA219943220033021200003,19940613,,1,영업/정상,13,영업중,,,,,02-3410-2114,,,서울특별시 강남구 일원동 50번지,"서울특별시 강남구 일원로 81 (일원동, 삼성의료원)",6351,삼성서울병원,2.02212E+13,U,40:00.0,종합병원,207534.4946,442943.8604,종합병원,4184,652,2000,272544.88,407 406 405 404 403 402 125 123 122 120 119 118 117 116 115 114 113 112 111 110 109 108 107 106 105 104 103 102 101,"내과, 신경과, 정신건강의학과, 외과, 정형외과, 신경외과, 심장혈관흉부외과, 성형외과, 마취통증의학과, 산부인과, 소아청소년과, 안과, 이비인후과, 피부과, 비뇨의학과, 영상의학과, 방사선종양학과, 병리과, 진단검사의학과, 재활의학과, 가정의학과, 핵의학과, 응급의학과, 구강악안면외과, 치과보철과, 치과교정과, 소아치과, 치주과, 치과보존과",,,,0,0,,,0,
2845,병원,01_01_01_P,3220000,PHMA219833220033021200002,19830404,,1,영업/정상,13,영업중,,,,,02-2019-3114,,,서울특별시 강남구 도곡동 146-92 강남세브란스병원,"서울특별시 강남구 언주로 211, 강남세브란스병원 (도곡동)",6273,연세대학교의과대학 강남세브란스병원,2.02209E+13,U,40:00.0,종합병원,204044.9151,443372.9217,종합병원,1411,250,824,88073.48,101 102 103 104 105 106 107 108 109 110 111 112 113 114 115 116 117 118 119 120 122 123 125 402 403 404 406 407,"내과, 신경과, 정신건강의학과, 외과, 정형외과, 신경외과, 흉부외과, 성형외과, 마취통증의학과, 산부인과, 소아청소년과, 안과, 이비인후과, 피부과, 비뇨의학과, 영상의학과, 방사선종양학과, 병리과, 진단검사의학과, 재활의학과, 가정의학과, 핵의학과, 응급의학과, 구강악안면외과, 치과보철과, 치과교정과, 치주과, 치과보존과",,,,0,0,,,0,
2847,병원,01_01_01_P,3220000,PHMA219903220033021200001,19901022,,1,영업/정상,13,영업중,,,,,02-3468-3000,,,서울특별시 강남구 역삼동 650-9 강남차병원,"서울특별시 강남구 논현로 566, 강남차병원(역삼동650-9, 606-4, 605외2필지(지하7층~지하1층, 지상2층~7층)) (역삼동)",6135,차의과학대학교 강남차병원,2.02212E+13,U,40:00.0,종합병원,202979.3088,444965.7886,종합병원,382,121,228,29376.96,412 404 403 402 308 307 306 305 304 303 302 301 119 118 116 115 111 110 109 108 107 106 104 103 102 101,"내과, 신경과, 정신건강의학과, 외과, 신경외과, 심장혈관흉부외과, 성형외과, 마취통증의학과, 산부인과, 소아청소년과, 비뇨의학과, 영상의학과, 병리과, 진단검사의학과, 한방내과, 한방부인과, 한방소아과, 한방안·이비인후·피부과, 한방신경정신과, 한방재활의학과, 사상체질과, 침구과, 구강악안면외과, 치과보철과, 치과교정과, 통합치의학과",,,,0,0,,,0,
2854,병원,01_01_01_P,3040000,PHMA219823040033021200001,19821116,,1,영업/정상,13,영업중,,,,,1588-1533,,143729,"서울특별시 광진구 화양동 4번지 12호 , 4번지19호",서울특별시 광진구 능동로 120-1 (화양동),5030,건국대학교병원,2.02202E+13,U,40:00.0,종합병원,206303.0322,448689.8782,종합병원,1244,238,842,83457.96,404 403 402 125 123 122 120 119 118 117 116 115 114 113 112 111 110 109 108 107 106 105 104 103 102 101,"내과, 신경과, 정신건강의학과, 외과, 정형외과, 신경외과, 흉부외과, 성형외과, 마취통증의학과, 산부인과, 소아청소년과, 안과, 이비인후과, 피부과, 비뇨의학과, 영상의학과, 방사선종양학과, 병리과, 진단검사의학과, 재활의학과, 가정의학과, 핵의학과, 응급의학과, 구강악안면외과, 치과보철과, 치과교정과",,,,0,0,,,0,
2855,병원,01_01_01_P,3040000,PHMA219853040033021200001,19851113,,1,영업/정상,13,영업중,,,,,02-2049-9000,,143867,서울특별시 광진구 자양동 627번지 3호,서울특별시 광진구 자양로 85 (자양동),5056,혜민병원,2.02205E+13,U,40:00.0,종합병원,207307.2706,448107.5525,종합병원,162,67,253,9128.96,125 122 119 116 113 111 110 109 107 106 105 104 102 101,"내과, 신경과, 외과, 정형외과, 신경외과, 흉부외과, 마취통증의학과, 산부인과, 소아청소년과, 이비인후과, 영상의학과, 진단검사의학과, 가정의학과, 응급의학과",,,,0,0,,,0,
2886,병원,01_01_01_P,3100000,PHMA219853100034021200001,19851129,,1,영업/정상,13,영업중,,,,,02-970-2114,,,,"서울특별시 노원구 노원로 75, 한국원자력의학원 (공릉동)",1812,한국원자력의학원원자력병원,2.02212E+13,U,40:00.0,종합병원,,,종합병원,638,158,474,97157.2,101 102 103 104 105 106 107 108 109 110 111 112 113 114 115 116 117 118 119 122 123 125 402 403 404 405 406 407 408 409 411,"내과, 신경과, 정신건강의학과, 외과, 정형외과, 신경외과, 심장혈관흉부외과, 성형외과, 마취통증의학과, 산부인과, 소아청소년과, 안과, 이비인후과, 피부과, 비뇨의학과, 영상의학과, 방사선종양학과, 병리과, 진단검사의학과, 가정의학과, 핵의학과, 응급의학과, 구강악안면외과, 치과보철과, 치과교정과, 소아치과, 치주과, 치과보존과, 구강내과, 영상치의학과, 예방치과",,,,0,0,,,0,
2887,병원,01_01_01_P,3100000,PHMA219893100034021200001,19890814,,1,영업/정상,13,영업중,,,,,02-950-1114,,,서울특별시 노원구 상계동 761번지 1호 상계백병원,"서울특별시 노원구 동일로 1342, 상계백병원 (상계동)",1757,인제대학교 상계백병원,2.02212E+13,U,40:00.0,종합병원,205488.9165,460701.0276,종합병원,956,121,497,41878.45,402 125 123 122 120 119 118 117 116 115 114 113 112 111 110 109 108 107 106 105 104 103 102 101,"내과, 신경과, 정신건강의학과, 외과, 정형외과, 신경외과, 심장혈관흉부외과, 성형외과, 마취통증의학과, 산부인과, 소아청소년과, 안과, 이비인후과, 피부과, 비뇨의학과, 영상의학과, 방사선종양학과, 병리과, 진단검사의학과, 재활의학과, 가정의학과, 핵의학과, 응급의학과, 구강악안면외과",,,,0,0,,,0,
2888,병원,01_01_01_P,3100000,PHMA219953100034021200001,19950114,,1,영업/정상,13,영업중,,,,,02-970-8000,,,,"서울특별시 노원구 한글비석로 68, 을지병원 (하계동)",1830,노원을지대학교병원,2.02212E+13,U,40:00.0,종합병원,,,종합병원,761,124,542,64341.22,101 102 103 104 105 106 107 108 109 110 111 112 113 114 115 116 117 118 119 120 122 123 125 402 403 404,"내과, 신경과, 정신건강의학과, 외과, 정형외과, 신경외과, 심장혈관흉부외과, 성형외과, 마취통증의학과, 산부인과, 소아청소년과, 안과, 이비인후과, 피부과, 비뇨의학과, 영상의학과, 방사선종양학과, 병리과, 진단검사의학과, 재활의학과, 가정의학과, 핵의학과, 응급의학과, 구강악안면외과, 치과보철과, 치과교정과",,,,0,0,,,0,
2893,병원,01_01_01_P,3050000,PHMA220023050034021200002,20020801,,1,영업/정상,13,영업중,,,,,02-920-9307,,130707,"서울특별시 동대문구 용두동 118번지 20호 ,21호",서울특별시 동대문구 무학로 124 (용두동),2584,서울특별시 동부병원,2.02004E+13,U,40:00.0,종합병원,202716.1973,452561.4862,종합병원,192,54,201,22825.55,401 125 122 119 118 116 115 113 112 111 110 109 105 104 103 102 101,"내과, 신경과, 정신건강의학과, 외과, 정형외과, 마취통증의학과, 산부인과, 소아청소년과, 안과, 이비인후과, 비뇨의학과, 영상의학과, 병리과, 진단검사의학과, 가정의학과, 응급의학과, 치과",,,,0,0,,,0,
2914,병원,01_01_01_P,3240000,PHMA219833240033021200002,19831116,,1,영업/정상,13,영업중,,,,,02-2225-1111,,,,서울특별시 강동구 진황도로61길 53 (둔촌동),5368,한국보훈복지의료공단 중앙보훈병원,2.02212E+13,U,40:00.0,종합병원,,,종합병원,1211,232,985,120982,101 102 103 104 105 106 107 108 109 110 111 112 113 114 115 116 117 118 119 120 122 123 125 306 402 403 406 407 408 412,"내과, 신경과, 정신건강의학과, 외과, 정형외과, 신경외과, 심장혈관흉부외과, 성형외과, 마취통증의학과, 산부인과, 소아청소년과, 안과, 이비인후과, 피부과, 비뇨의학과, 영상의학과, 방사선종양학과, 병리과, 진단검사의학과, 재활의학과, 가정의학과, 핵의학과, 응급의학과, 한방재활의학과, 구강악안면외과, 치과보철과, 치주과, 치과보존과, 구강내과, 통합치의학과",,,,0,0,,,0,
2915,병원,01_01_01_P,3240000,PHMA219863240033021200001,19861017,,1,영업/정상,13,영업중,,,,,02-2224-2114,,,,서울특별시 강동구 성안로 150 (길동),5355,성심의료재단강동성심병원,2.02212E+13,U,40:00.0,종합병원,,,종합병원,888,151,619,51431.74,101 102 103 104 105 106 107 108 109 110 111 112 113 114 115 116 117 118 119 120 122 125 402 403 404,"내과, 신경과, 정신건강의학과, 외과, 정형외과, 신경외과, 심장혈관흉부외과, 성형외과, 마취통증의학과, 산부인과, 소아청소년과, 안과, 이비인후과, 피부과, 비뇨의학과, 영상의학과, 방사선종양학과, 병리과, 진단검사의학과, 재활의학과, 가정의학과, 응급의학과, 구강악안면외과, 치과보철과, 치과교정과",,,,0,0,,,0,
2940,병원,01_01_01_P,3090000,PHMA219743090033021200001,19740328,,1,영업/정상,13,영업중,,,,,02-901-3114,,,서울특별시 도봉구 쌍문동 388-1 한일병원,"서울특별시 도봉구 우이천로 308, 한일병원 (쌍문동)",1450,의료법인한전의료재단 한일병원,2.02212E+13,U,40:00.0,종합병원,202466.1192,460394.3299,종합병원,505,84,329,37185,101 102 103 104 105 106 107 108 109 110 111 112 113 114 115 116 118 119 120 122 123 125 403,"내과, 신경과, 정신건강의학과, 외과, 정형외과, 신경외과, 심장혈관흉부외과, 성형외과, 마취통증의학과, 산부인과, 소아청소년과, 안과, 이비인후과, 피부과, 비뇨의학과, 영상의학과, 병리과, 진단검사의학과, 재활의학과, 가정의학과, 핵의학과, 응급의학과, 치과보철과",,,,0,0,,,0,
2942,병원,01_01_01_P,3050000,PHMA219713050034021200002,19711005,,1,영업/정상,13,영업중,,,,,02-958-8114,,,서울특별시 동대문구 회기동 1-5,서울특별시 동대문구 경희대로 23 (회기동),2447,경희대학교병원,2.0221E+13,U,40:00.0,종합병원,204469.209,454934.0474,종합병원,1257,248,851,38707.9,402 125 124 123 122 120 119 118 117 116 115 114 113 112 111 110 109 108 107 106 105 104 103 102 101,"내과, 신경과, 정신건강의학과, 외과, 정형외과, 신경외과, 흉부외과, 성형외과, 마취통증의학과, 산부인과, 소아청소년과, 안과, 이비인후과, 피부과, 비뇨의학과, 영상의학과, 방사선종양학과, 병리과, 진단검사의학과, 재활의학과, 가정의학과, 핵의학과, 직업환경의학과, 응급의학과, 구강악안면외과",,,,0,0,,,0,
2944,병원,01_01_01_P,3050000,PHMA219763050034021200001,19660107,,1,영업/정상,13,영업중,,,,,02-2244-0191,,130874,"서울특별시 동대문구 휘경2동 29번지 1호 , 산 6번지 2호외 7필지",서울특별시 동대문구 망우로 82 (휘경동),2500,삼육서울병원,2.0221E+13,U,40:00.0,종합병원,205622.0685,454114.388,종합병원,545,99,421,8040,101 104 105 103 106 102 110 111 112 113 115 109 119 107 118 124 116 114 125 122 120 401,"내과, 신경과, 정신건강의학과, 외과, 정형외과, 신경외과, 흉부외과, 마취통증의학과, 산부인과, 소아청소년과, 안과, 이비인후과, 피부과, 비뇨의학과, 영상의학과, 병리과, 진단검사의학과, 재활의학과, 가정의학과, 직업환경의학과, 응급의학과, 치과",,,,0,0,,,0,
2951,병원,01_01_01_P,3200000,PHMA219843200033021200001,19800620,,1,영업/정상,13,영업중,,,,,02-1877-8875,,,서울특별시 관악구 신림동 10번지 715호 양지병원,"서울특별시 관악구 남부순환로 1636, 양지병원 (신림동)",8779,에이치플러스 양지병원,2.0221E+13,U,40:00.0,종합병원,193961.3714,442448.3735,종합병원,403,75,289,23232.58,125 124 123 122 120 119 118 116 115 114 113 111 110 109 108 107 106 105 104 103 102 101,"내과, 신경과, 정신건강의학과, 외과, 정형외과, 신경외과, 흉부외과, 성형외과, 마취통증의학과, 산부인과, 소아청소년과, 이비인후과, 피부과, 비뇨의학과, 영상의학과, 병리과, 진단검사의학과, 재활의학과, 가정의학과, 핵의학과, 직업환경의학과, 응급의학과",,,,0,0,,,0,
2957,병원,01_01_01_P,3050000,PHMA219913050034021200001,19911230,,1,영업/정상,13,영업중,,,,,02-966-1616,,,서울특별시 동대문구 청량리동 40번지 9호 서울성심병원 (40-9외 7필지),"서울특별시 동대문구 왕산로 259, 서울성심병원 (청량리동)",2488,서울성심병원,2.02207E+13,U,40:00.0,종합병원,204343.5506,453554.6803,종합병원,180,57,250,9366.68,402 119 118 116 111 110 109 105 104 103 102 101,"내과, 신경과, 정신건강의학과, 외과, 정형외과, 마취통증의학과, 산부인과, 소아청소년과, 영상의학과, 병리과, 진단검사의학과, 구강악안면외과",,,,0,0,,,0,
2973,병원,01_01_01_P,3150000,PHMA220113150037021200001,20110414,,1,영업/정상,13,영업중,,,,,1577-7582,,,서울특별시 강서구 등촌동 657번지 부민병원,"서울특별시 강서구 공항대로 389, 부민병원 (등촌동)",7590,부민병원,2.0221E+13,U,40:00.0,종합병원,186764.3813,450518.0809,종합병원,323,121,295,19550.17,125 122 120 119 116 115 111 110 109 106 105 104 102 101,"내과, 신경과, 외과, 정형외과, 신경외과, 마취통증의학과, 산부인과, 소아청소년과, 비뇨의학과, 영상의학과, 진단검사의학과, 재활의학과, 가정의학과, 응급의학과",,,,0,0,,,0,
2981,병원,01_01_01_P,3240000,PHMA220063240033021200002,20060227,,1,영업/정상,13,영업중,,,,,02-440-7114,,,,서울특별시 강동구 동남로 892 (상일동),5278,강동경희대학교의대병원,2.02212E+13,U,40:00.0,종합병원,,,종합병원,1215,179,661,47530.54,101 102 103 104 105 106 107 108 109 110 111 112 113 114 115 116 117 118 119 120 123 125 401,"내과, 신경과, 정신건강의학과, 외과, 정형외과, 신경외과, 심장혈관흉부외과, 성형외과, 마취통증의학과, 산부인과, 소아청소년과, 안과, 이비인후과, 피부과, 비뇨의학과, 영상의학과, 방사선종양학과, 병리과, 진단검사의학과, 재활의학과, 핵의학과, 응급의학과, 치과",,,,0,0,,,0,
2984,병원,01_01_01_P,3150000,PHMA220123150037021200001,20120430,,1,영업/정상,13,영업중,,,,,02-2660-7500,,,서울특별시 강서구 과해동 676번지,서울특별시 강서구 하늘길 70 (과해동),7505,우리들병원,2.01905E+13,U,40:00.0,종합병원,182141.2055,451078.4799,종합병원,153,41,165,11837.02,120 119 116 110 109 106 105 104 101,"내과, 외과, 정형외과, 신경외과, 마취통증의학과, 산부인과, 영상의학과, 진단검사의학과, 재활의학과",,,,0,0,,,0,
2998,병원,01_01_01_P,3080000,PHMA219823080033021200001,19820329,,1,영업/정상,13,영업중,,,,,02-903-3232,,,서울특별시 강북구 수유동 45번지 7호,"서울특별시 강북구 도봉로 301 (수유동, 대한병원)",1081,의료법인성화의료재단  대한병원,2.02211E+13,U,40:00.0,종합병원,201952.0908,459227.558,종합병원,58,41,201,6310.35,411 410 409 408 407 406 405 404 403 402 120 119 116 110 109 106 105 104 101,"내과, 외과, 정형외과, 신경외과, 마취통증의학과, 산부인과, 영상의학과, 진단검사의학과, 재활의학과, 구강악안면외과, 치과보철과, 치과교정과, 소아치과, 치주과, 치과보존과, 구강내과, 영상치의학과, 구강병리과, 예방치과",,,,0,0,,,0,
3005,병원,01_01_01_P,3150000,PHMA220003150037021200002,20000124,,1,영업/정상,13,영업중,,,,,02-2007-1000,,157833,"서울특별시 강서구 내발산동 701번지 4호 외 6필지, 701번지, 701-21외 2필지",서울특별시 강서구 강서로 295 (내발산동),7639,미즈메디병원,2.02212E+13,U,40:00.0,종합병원,185439.3851,450008.1391,종합병원,210,65,108,14089.54,122 119 116 115 111 110 109 104 101,"내과, 외과, 마취통증의학과, 산부인과, 소아청소년과, 비뇨의학과, 영상의학과, 진단검사의학과, 가정의학과",,,,0,0,,,0,
3168,병원,01_01_01_P,3110000,PHMA220193110032021100001,19610515,,1,영업/정상,13,영업중,,,,,02-1811-7755,,,,서울특별시 은평구 통일로 1021 (진관동),3312,가톨릭대학교 은평성모병원,2.02211E+13,U,40:00.0,종합병원,192525.5875,459028.5089,종합병원,1288,212,756,176891.02,101 102 103 104 105 106 107 108 109 110 111 112 113 114 115 116 117 118 119 120 122 123 125 402 403 407,"내과, 신경과, 정신건강의학과, 외과, 정형외과, 신경외과, 흉부외과, 성형외과, 마취통증의학과, 산부인과, 소아청소년과, 안과, 이비인후과, 피부과, 비뇨의학과, 영상의학과, 방사선종양학과, 병리과, 진단검사의학과, 재활의학과, 가정의학과, 핵의학과, 응급의학과, 구강악안면외과, 치과보철과, 치과보존과",,,,0,0,,,0,
3705,병원,01_01_01_P,3010000,PHMA219683010033021200001,20100402,,1,영업/정상,13,영업중,,,,,222607114,,,,서울특별시 중구 을지로 245 (을지로6가),4564,국립중앙의료원,2.02206E+13,U,40:00.0,종합병원,200461.4217,451682.1208,종합병원,581,129,505,51521.97,401 308 305 301 125 124 123 122 121 120 119 118 117 116 115 114 113 112 111 110 109 108 107 106 105 104 103 102 101,"내과, 신경과, 정신건강의학과, 외과, 정형외과, 신경외과, 흉부외과, 성형외과, 마취통증의학과, 산부인과, 소아청소년과, 안과, 이비인후과, 피부과, 비뇨의학과, 영상의학과, 방사선종양학과, 병리과, 진단검사의학과, 재활의학과, 결핵과, 가정의학과, 핵의학과, 직업환경의학과, 응급의학과, 한방내과, 한방신경정신과, 침구과, 치과",,,,0,0,,,0,
3706,병원,01_01_01_P,3010000,PHMA219763010033021200001,19760310,,1,영업/정상,13,영업중,,,,,02-2270-0114,,,,서울특별시 중구 마른내로 9 (저동2가),4551,인제대학교 서울백병원,2.02209E+13,U,40:00.0,종합병원,,,종합병원,379,44,158,19019.3,125 122 119 118 117 116 115 114 113 112 111 110 109 108 107 106 105 104 103 102 101,"내과, 신경과, 정신건강의학과, 외과, 정형외과, 신경외과, 흉부외과, 성형외과, 마취통증의학과, 산부인과, 소아청소년과, 안과, 이비인후과, 피부과, 비뇨의학과, 영상의학과, 방사선종양학과, 병리과, 진단검사의학과, 가정의학과, 응급의학과",,,,0,0,,,0,
3717,병원,01_01_01_P,3140000,PHMA220113140033021200002,20110328,,1,영업/정상,13,영업중,,,,,1566-6688,,158073,서울특별시 양천구 신정3동 1320번지 7호,서울특별시 양천구 신정이펜1로 20 (신정동),8049,서울특별시서남병원,2.02208E+13,U,40:00.0,종합병원,185179.3589,445532.4449,종합병원,290,80,330,39324.84,402 125 122 120 119 118 116 115 113 111 110 109 105 104 103 102 101,"내과, 신경과, 정신건강의학과, 외과, 정형외과, 마취통증의학과, 산부인과, 소아청소년과, 이비인후과, 비뇨의학과, 영상의학과, 병리과, 진단검사의학과, 재활의학과, 가정의학과, 응급의학과, 구강악안면외과",,,,0,0,,,0,
3936,병원,01_01_01_P,3170000,PHMA219853170035021200001,19850621,,1,영업/정상,13,영업중,,,,,02-804-0002,,153857,서울특별시 금천구 시흥동 882번지 31호,서울특별시 금천구 시흥대로 244 (시흥동),8626,희명병원,2.02106E+13,U,40:00.0,종합병원,191137.4552,439289.5137,종합병원,120,52,242,7252.35,101 104 110 105 106 109 116 119 122 125 107,"내과, 외과, 정형외과, 신경외과, 흉부외과, 마취통증의학과, 산부인과, 영상의학과, 진단검사의학과, 가정의학과, 응급의학과",,,,0,0,,,0,
3940,병원,01_01_01_P,3190000,PHMA220043190033021200001,20041201,,1,영업/정상,13,영업중,,,,,1800-1114,,156755,서울특별시 동작구 흑석동 224번지 1호,서울특별시 동작구 흑석로 102 (흑석동),6973,중앙대학교병원,2.02107E+13,U,40:00.0,종합병원,196469.8398,444981.9379,종합병원,1319,205,785,68212.03,407 404 403 402 125 123 122 120 119 118 117 116 115 114 113 112 111 110 109 108 107 106 105 104 103 102 101,"내과, 신경과, 정신건강의학과, 외과, 정형외과, 신경외과, 흉부외과, 성형외과, 마취통증의학과, 산부인과, 소아청소년과, 안과, 이비인후과, 피부과, 비뇨의학과, 영상의학과, 방사선종양학과, 병리과, 진단검사의학과, 재활의학과, 가정의학과, 핵의학과, 응급의학과, 구강악안면외과, 치과보철과, 치과교정과, 치과보존과",,,,0,0,,,0,
3954,병원,01_01_01_P,3190000,PHMA219913190033021200001,19911116,,1,영업/정상,13,영업중,,,,,02-870-2114,,156707,서울특별시 동작구 신대방동 425번지,서울특별시 동작구 보라매로5길 20 (신대방동),7061,서울특별시보라매병원,2.02108E+13,U,40:00.0,종합병원,193235.494,443510.4208,종합병원,1071,207,765,76162.74,101 104 111 110 113 112 114 401 119 116 106 105 109 102 118 107 108 115 103 125 120 122 123 117,"내과, 신경과, 정신건강의학과, 외과, 정형외과, 신경외과, 흉부외과, 성형외과, 마취통증의학과, 산부인과, 소아청소년과, 안과, 이비인후과, 피부과, 비뇨의학과, 영상의학과, 방사선종양학과, 병리과, 진단검사의학과, 재활의학과, 가정의학과, 핵의학과, 응급의학과, 치과",,,,0,0,,,0,
3961,병원,01_01_01_P,3160000,PHMA219833160034021200001,19830831,,1,영업/정상,13,영업중,,,,,02-2626-1114,,,,"서울특별시 구로구 구로동로 148, 고려대부속구로병원 (구로동)",8308,고려대학교의과대학부속구로병원,2.02212E+13,U,40:00.0,종합병원,,,종합병원,1985,253,1075,119879.53,101 102 103 104 105 106 107 108 109 110 111 112 113 114 115 116 117 118 119 120 122 123 125 402 403 404 407 411,"내과, 신경과, 정신건강의학과, 외과, 정형외과, 신경외과, 심장혈관흉부외과, 성형외과, 마취통증의학과, 산부인과, 소아청소년과, 안과, 이비인후과, 피부과, 비뇨의학과, 영상의학과, 방사선종양학과, 병리과, 진단검사의학과, 재활의학과, 가정의학과, 핵의학과, 응급의학과, 구강악안면외과, 치과보철과, 치과교정과, 치과보존과, 예방치과",,,,0,0,,,0,
3962,병원,01_01_01_P,3160000,PHMA220003160034021200003,20000209,,1,영업/정상,13,영업중,,,,,02-2067-1500,,,서울특별시 구로구 고척동 76번지 189호 구로성심병원,"서울특별시 구로구 경인로 427, 구로성심병원 (고척동)",8223,구로성심병원,2.02205E+13,U,40:00.0,종합병원,188114.4044,444166.1984,종합병원,139,47,202,10567.63,125 124 118 116 115 113 110 109 108 107 106 105 104 102 101,"내과, 신경과, 외과, 정형외과, 신경외과, 흉부외과, 성형외과, 마취통증의학과, 산부인과, 이비인후과, 비뇨의학과, 영상의학과, 병리과, 직업환경의학과, 응급의학과",,,,0,0,,,0,
3979,병원,01_01_01_P,3070000,PHMA219743070034021200001,20160128,,1,영업/정상,13,영업중,,,,,1577-0083,,,서울특별시 성북구 안암동5가 126번지 1호 고려대병원,"서울특별시 성북구 고려대로 73, 고려대병원 (안암동5가)",2841,학교법인 고려중앙학원 고려대학교의과대학부속병원(안암병원),2.02212E+13,U,40:00.0,종합병원,202313.8508,453871.2647,종합병원,1945,243,1056,76953.27,407 406 404 403 402 125 123 122 120 119 118 117 116 115 114 113 112 111 110 109 108 107 106 105 104 103 102 101,"내과, 신경과, 정신건강의학과, 외과, 정형외과, 신경외과, 심장혈관흉부외과, 성형외과, 마취통증의학과, 산부인과, 소아청소년과, 안과, 이비인후과, 피부과, 비뇨의학과, 영상의학과, 방사선종양학과, 병리과, 진단검사의학과, 재활의학과, 가정의학과, 핵의학과, 응급의학과, 구강악안면외과, 치과보철과, 치과교정과, 치주과, 치과보존과",,,,0,0,,,0,
3983,병원,01_01_01_P,3230000,PHMA219893230034021201574,19890520,,1,영업/정상,13,영업중,,,,,02-3010-3114,,,서울특별시 송파구 풍납동 388번지 1호 서울아산병원,"서울특별시 송파구 올림픽로43길 88, 서울아산병원 (풍납동)",5505,재단법인아산사회복지재단 서울아산병원,2.02207E+13,U,40:00.0,종합병원,209607.5904,447120.5772,종합병원,6167,1000,2732,547354.77,101 102 103 104 105 106 107 108 109 110 111 112 113 114 115 116 117 118 119 120 122 123 125 402 403 404 405 406 407,"내과, 신경과, 정신건강의학과, 외과, 정형외과, 신경외과, 흉부외과, 성형외과, 마취통증의학과, 산부인과, 소아청소년과, 안과, 이비인후과, 피부과, 비뇨의학과, 영상의학과, 방사선종양학과, 병리과, 진단검사의학과, 재활의학과, 가정의학과, 핵의학과, 응급의학과, 구강악안면외과, 치과보철과, 치과교정과, 소아치과, 치주과, 치과보존과",,,,0,0,,,0,
3994,병원,01_01_01_P,3230000,PHMA219713230034021201559,19710220,,1,영업/정상,13,영업중,,,,,02-3400-1114,,,,"서울특별시 송파구 송이로 123, 국립경찰병원 (가락동)",5715,경찰병원,2.02212E+13,U,40:00.0,종합병원,,,종합병원,369,101,380,29876.5,101 102 103 104 105 106 107 108 109 110 111 112 113 114 115 116 118 119 120 122 125 403 406,"내과, 신경과, 정신건강의학과, 외과, 정형외과, 신경외과, 심장혈관흉부외과, 성형외과, 마취통증의학과, 산부인과, 소아청소년과, 안과, 이비인후과, 피부과, 비뇨의학과, 영상의학과, 병리과, 진단검사의학과, 재활의학과, 가정의학과, 응급의학과, 치과보철과, 치주과",,,,0,0,,,0,
4000,병원,01_01_01_P,3000000,PHMA219813000034021200001,19810709,,1,영업/정상,13,영업중,,,,,1588-5700,,110744,서울특별시 종로구 연건동 28,서울특별시 종로구 대학로 101 (연건동),3080,서울대학교병원,2.02208E+13,U,40:00.0,종합병원,199824.096,452984.3605,종합병원,3708,553,1782,201991,101 104 107 106 105 108 115 112 110 111 114 113 103 102 123 116 116 125 401 109 120 117 119 122 118,"내과, 신경과, 정신건강의학과, 외과, 정형외과, 신경외과, 흉부외과, 성형외과, 마취통증의학과, 산부인과, 소아청소년과, 안과, 이비인후과, 피부과, 비뇨의학과, 영상의학과, 방사선종양학과, 병리과, 진단검사의학과, 재활의학과, 가정의학과, 핵의학과, 응급의학과, 치과",,,,0,0,,,0,
4001,병원,01_01_01_P,3000000,PHMA219873000034021200001,19870424,,1,영업/정상,13,영업중,,,,,02-737-0181,,110080,서울특별시 종로구 무악동 32번지 2호,서울특별시 종로구 통일로 256 (무악동),3030,세란병원,2.02107E+13,U,40:00.0,종합병원,196173.8536,452543.7122,종합병원,166,67,211,8249.92,401 125 122 120 119 116 115 111 110 109 106 105 104 102 101,"내과, 신경과, 외과, 정형외과, 신경외과, 마취통증의학과, 산부인과, 소아청소년과, 비뇨의학과, 영상의학과, 진단검사의학과, 재활의학과, 가정의학과, 응급의학과, 치과",,,,0,0,,,0,
4003,병원,01_01_01_P,3140000,PHMA219933140033021200001,19930730,,1,영업/정상,13,영업중,,,,,02-2650-5114,,158710,서울특별시 양천구 목동 911번지 1호,서울특별시 양천구 안양천로 1071 (목동),7985,이화여자대학교의과대학부속목동병원,2.02208E+13,U,40:00.0,종합병원,189878.4073,448255.1996,종합병원,1160,215,700,71532.39,407 406 405 404 403 402 125 124 123 122 120 119 118 117 116 115 114 113 112 111 110 109 108 107 106 105 104 103 102 101,"내과, 신경과, 정신건강의학과, 외과, 정형외과, 신경외과, 흉부외과, 성형외과, 마취통증의학과, 산부인과, 소아청소년과, 안과, 이비인후과, 피부과, 비뇨의학과, 영상의학과, 방사선종양학과, 병리과, 진단검사의학과, 재활의학과, 가정의학과, 핵의학과, 직업환경의학과, 응급의학과, 구강악안면외과, 치과보철과, 치과교정과, 소아치과, 치주과, 치과보존과",,,,0,0,,,0,
4004,병원,01_01_01_P,3140000,PHMA219933140033021200002,19930820,,1,영업/정상,13,영업중,,,,,02-2693-5555,,,서울특별시 양천구 신정동 899번지 1호 홍익병원본관,"서울특별시 양천구 목동로 225, 홍익병원본관 (신정동)",7937,홍익병원,2.02208E+13,U,40:00.0,종합병원,187879.0549,447370.032,종합병원,240,77,280,13369.43,401 125 122 119 118 116 115 113 112 111 110 109 108 106 105 104 103 102 101,"내과, 신경과, 정신건강의학과, 외과, 정형외과, 신경외과, 성형외과, 마취통증의학과, 산부인과, 소아청소년과, 안과, 이비인후과, 비뇨의학과, 영상의학과, 병리과, 진단검사의학과, 가정의학과, 응급의학과, 치과",,,,0,0,,,0,
4013,병원,01_01_01_P,3000000,PHMA219793000034021200001,19790324,,1,영업/정상,13,영업중,,,,,02-2001-2001,,110746,서울특별시 종로구 평동 108,서울특별시 종로구 새문안로 29 (평동),3181,강북삼성병원,2.02208E+13,U,40:00.0,종합병원,197111.9696,451776.4437,종합병원,946,176,700,53251.96,407 406 404 403 402 125 124 123 122 120 119 118 117 116 115 114 113 112 111 110 109 108 107 106 105 104 103 102 101,"내과, 신경과, 정신건강의학과, 외과, 정형외과, 신경외과, 흉부외과, 성형외과, 마취통증의학과, 산부인과, 소아청소년과, 안과, 이비인후과, 피부과, 비뇨의학과, 영상의학과, 방사선종양학과, 병리과, 진단검사의학과, 재활의학과, 가정의학과, 핵의학과, 직업환경의학과, 응급의학과, 구강악안면외과, 치과보철과, 치과교정과, 치주과, 치과보존과",,,,0,0,,,0,
4023,병원,01_01_01_P,3020000,PHMA219783020033021200001,19780223,,1,영업/정상,13,영업중,,,,,02-709-9114,,140887,서울특별시 용산구 한남동 657번지 (대사관로 59),서울특별시 용산구 대사관로 59 (한남동),4401,순천향대학교 부속 서울병원,2.02203E+13,U,40:00.0,종합병원,200310.9799,447939.995,종합병원,917,175,725,46974.38,411 410 409 408 407 406 405 404 403 402 126 125 124 123 122 120 119 118 117 116 115 114 113 112 111 110 109 108 107 106 105 104 103 102 101,"내과, 신경과, 정신건강의학과, 외과, 정형외과, 신경외과, 흉부외과, 성형외과, 마취통증의학과, 산부인과, 소아청소년과, 안과, 이비인후과, 피부과, 비뇨의학과, 영상의학과, 방사선종양학과, 병리과, 진단검사의학과, 재활의학과, 가정의학과, 핵의학과, 직업환경의학과, 응급의학과, 예방의학과, 구강악안면외과, 치과보철과, 치과교정과, 소아치과, 치주과, 치과보존과, 구강내과, 영상치의학과, 구강병리과, 예방치과",,,,0,0,,,0,
4040,병원,01_01_01_P,3110000,PHMA219803110032021200001,19800128,,1,영업/정상,13,영업중,,,,,02-350-3300,,,,서울특별시 은평구 통일로 873 (갈현동),3330,의료법인 청구성심병원,2.02211E+13,U,40:00.0,종합병원,192828.6018,457608.2899,종합병원,158,59,200,5894.91,101 102 104 105 108 109 111 115 116 119 122 125,"내과, 신경과, 외과, 정형외과, 성형외과, 마취통증의학과, 소아청소년과, 비뇨의학과, 영상의학과, 진단검사의학과, 가정의학과, 응급의학과",,,,0,0,,,0,
4045,병원,01_01_01_P,3180000,PHMA219823180034021200001,19820930,,1,영업/정상,13,영업중,,,,,02-840-7114,,,,"서울특별시 영등포구 여의대방로53길 22 (신길동, 성애병원)",7354,성애의료재단 성애병원,2.02212E+13,U,40:00.0,종합병원,,,종합병원,299,88,244,20380,101 102 103 104 105 106 108 109 110 111 112 113 114 115 116 118 119 120 122 125 401 402 403 406 407,"내과, 신경과, 정신건강의학과, 외과, 정형외과, 신경외과, 성형외과, 마취통증의학과, 산부인과, 소아청소년과, 안과, 이비인후과, 피부과, 비뇨의학과, 영상의학과, 병리과, 진단검사의학과, 재활의학과, 가정의학과, 응급의학과, 치과, 구강악안면외과, 치과보철과, 치주과, 치과보존과",,,,0,0,,,0,
4053,병원,01_01_01_P,3060000,PHMA220113060034021200001,20110309,,1,영업/정상,13,영업중,,,,,02-2276-7000,,,,서울특별시 중랑구 신내로 156 (신내동),2053,서울특별시서울의료원,2.02212E+13,U,40:00.0,종합병원,,,종합병원,941,176,655,105041.37,407 403 402 308 125 124 123 122 120 119 118 116 115 114 113 112 111 110 109 108 107 106 105 104 103 102 101,"내과, 신경과, 정신건강의학과, 외과, 정형외과, 신경외과, 심장혈관흉부외과, 성형외과, 마취통증의학과, 산부인과, 소아청소년과, 안과, 이비인후과, 피부과, 비뇨의학과, 영상의학과, 병리과, 진단검사의학과, 재활의학과, 가정의학과, 핵의학과, 직업환경의학과, 응급의학과, 침구과, 구강악안면외과, 치과보철과, 치과보존과",,,,0,0,,,0,
4072,병원,01_01_01_P,3120000,PHMA219943120033021200001,19940622,,1,영업/정상,13,영업중,,,,,02-396-9161,,,,"서울특별시 서대문구 연희로 272, 동신병원 본관동 (홍은동)",3653,의료법인동신의료재단 동신병원,2.02207E+13,U,40:00.0,종합병원,194321.4174,453224.786,종합병원,92,59,205,8493.73,101 102 104 105 106 109 110 115 116 118 122 125,"내과, 신경과, 외과, 정형외과, 신경외과, 마취통증의학과, 산부인과, 비뇨의학과, 영상의학과, 병리과, 가정의학과, 응급의학과",,,,0,0,,,0,
4073,병원,01_01_01_P,3120000,PHMA218853120033021200001,19740325,,1,영업/정상,13,영업중,,,,,02-2228-0114,,,,서울특별시 서대문구 연세로 50-1 (신촌동),3722,연세대학교의과대학세브란스병원,2.02212E+13,U,40:00.0,종합병원,,,종합병원,4837,825,2462,283843.22,101 102 103 104 105 106 107 108 109 110 111 112 113 114 115 116 117 118 119 120 122 123 124 125 402,"내과, 신경과, 정신건강의학과, 외과, 정형외과, 신경외과, 흉부외과, 성형외과, 마취통증의학과, 산부인과, 소아청소년과, 안과, 이비인후과, 피부과, 비뇨의학과, 영상의학과, 방사선종양학과, 병리과, 진단검사의학과, 재활의학과, 가정의학과, 핵의학과, 직업환경의학과, 응급의학과, 구강악안면외과",,,,0,0,,,0,
4087,병원,01_01_01_P,3150000,PHMA220183150037021200002,20181226,,1,영업/정상,13,영업중,,,,,02-6986-5707,,,서울특별시 강서구 마곡동 808 이화의대부속서울병원,"서울특별시 강서구 공항대로 260, 이화의대부속서울병원 (마곡동)",7804,이화여자대학교의과대학부속서울병원,2.02204E+13,U,40:00.0,종합병원,185455.1708,450604.2394,종합병원,1346,406,877,211281.72,412 407 402 125 124 123 122 120 119 118 117 116 115 114 113 112 111 110 109 108 107 106 105 104 103 102 101,"내과, 신경과, 정신건강의학과, 외과, 정형외과, 신경외과, 흉부외과, 성형외과, 마취통증의학과, 산부인과, 소아청소년과, 안과, 이비인후과, 피부과, 비뇨의학과, 영상의학과, 방사선종양학과, 병리과, 진단검사의학과, 재활의학과, 가정의학과, 핵의학과, 직업환경의학과, 응급의학과, 구강악안면외과, 치과보존과, 통합치의학과",,,,0,0,,,0,
6902,병원,01_01_01_P,3060000,PHMA219853060034021200001,19850529,,3,폐업,3,폐업,20011207,,,,200000000,,,서울특별시 중랑구 면목동 568번지 1호 원진재단부설녹색병원,서울특별시 중랑구 사가정로49길 53 (면목동),2221,의료법인 서울기독병원,2.0191E+13,U,40:00.0,종합병원,207545.4314,453474.5801,종합병원,1,95,450,0,101 111 102 103 104 105 108 106 113 110 115 119 116 118 122 401,"내과, 신경과, 정신건강의학과, 외과, 정형외과, 신경외과, 성형외과, 산부인과, 소아청소년과, 이비인후과, 비뇨의학과, 영상의학과, 병리과, 진단검사의학과, 가정의학과, 치과",,,,0,0,,,0,
